province,column,n_unique,std
squeezed_Khánh Hòa,poverty_rate,0,0.0
squeezed_Kiên Giang,poverty_rate,0,0.0
squeezed_Ninh Thuận,poverty_rate,0,0.0
squeezed_Quảng Nam,poverty_rate,0,0.0
squeezed_Quảng Ngãi,poverty_rate,0,0.0
squeezed_TT Huế,poverty_rate,0,0.0
squeezed_Thái Nguyên,poverty_rate,0,0.0
squeezed_Hải Phòng,urban_water_usage_rate,1,0.0
squeezed_Khánh Hòa,urban_water_usage_rate,1,0.0
squeezed_Ninh Bình,urban_water_usage_rate,2,0.05749595745760771
squeezed_Đắk Lắk,urban_water_usage_rate,2,0.3967221064574863
squeezed_Quảng Trị,urban_water_usage_rate,2,0.6899514894912844
squeezed_Thái Nguyên,urban_water_usage_rate,2,3.147396306853761
squeezed_Vĩnh Phúc,urban_water_usage_rate,2,4.5968017987356715
squeezed_BR Vũng Tàu,urban_water_usage_rate,3,0.04780513129897678
squeezed_Nghệ An,urban_water_usage_rate,3,0.06667424199385222
squeezed_Phú Thọ,urban_water_usage_rate,3,0.09056868084726352
squeezed_Bắc Giang,urban_water_usage_rate,3,0.13210705025574132
squeezed_Nam Định,urban_water_usage_rate,3,0.20306586074880312
squeezed_Lào Cai,urban_water_usage_rate,3,0.216640388319535
squeezed_Tiền Giang,urban_water_usage_rate,3,0.2210180240210034
squeezed_Quảng Bình,urban_water_usage_rate,3,0.23681600068791323
squeezed_Hà Tĩnh,urban_water_usage_rate,3,0.2603831410926779
squeezed_TT Huế,urban_water_usage_rate,3,0.2935044032220686
squeezed_Bạc Liêu,urban_water_usage_rate,3,0.29772866064908876
squeezed_Sóc Trăng,urban_water_usage_rate,3,0.32468070774758245
squeezed_Lâm Đồng,urban_water_usage_rate,3,0.33613659413600977
squeezed_Long An,urban_water_usage_rate,3,0.3519133063790178
squeezed_Bình Thuận,urban_water_usage_rate,3,0.39115848281442683
squeezed_Hải Dương,urban_water_usage_rate,3,0.40097092905896975
squeezed_Kiên Giang,urban_water_usage_rate,3,0.4867137652216111
squeezed_Đà Nẵng,urban_water_usage_rate,3,0.5284995523739865
squeezed_Cao Bằng,urban_water_usage_rate,3,0.5682227258001045
squeezed_Đồng Tháp,urban_water_usage_rate,3,0.6083613337455767
squeezed_Hòa Bình,urban_water_usage_rate,3,0.8166335097558751
squeezed_Trà Vinh,urban_water_usage_rate,3,0.853083372050717
squeezed_Lạng Sơn,urban_water_usage_rate,3,0.8711136835033524
squeezed_Đắk Nông,urban_water_usage_rate,3,0.8890490787705749
squeezed_Quảng Ninh,urban_water_usage_rate,3,0.9698836941434228
squeezed_Bắc Kạn,urban_water_usage_rate,3,0.9717348378242517
squeezed_Bình Định,urban_water_usage_rate,3,1.0267456411255167
squeezed_Thái Bình,urban_water_usage_rate,3,1.1010517136052478
squeezed_Kon Tum,urban_water_usage_rate,3,1.3023995654556906
squeezed_Tuyên Quang,urban_water_usage_rate,3,1.3738123345561137
squeezed_Ninh Thuận,urban_water_usage_rate,3,1.54858639885243
squeezed_Điện Biên,urban_water_usage_rate,3,1.934633296450656
squeezed_Phú Yên,urban_water_usage_rate,3,2.064818494014217
squeezed_Thanh Hóa,urban_water_usage_rate,3,2.190109435357734
squeezed_Hà Giang,urban_water_usage_rate,3,2.3725366085010573
squeezed_Gia Lai,urban_water_usage_rate,3,2.417269137403741
squeezed_An Giang,urban_water_usage_rate,3,2.746729685815869
squeezed_Hưng Yên,urban_water_usage_rate,3,3.1273488362831605
squeezed_Tây Ninh,urban_water_usage_rate,3,3.2165400601698853
squeezed_Yên Bái,urban_water_usage_rate,3,3.3319906007725106
squeezed_Bình Phước,urban_water_usage_rate,3,3.5994724131312017
squeezed_Hà Nội,urban_water_usage_rate,3,3.654500225862142
squeezed_Cà Mau,urban_water_usage_rate,3,3.767213413230854
squeezed_Lai Châu,urban_water_usage_rate,3,3.9552986743488523
squeezed_Cần Thơ,urban_water_usage_rate,3,4.858468282245625
squeezed_Quảng Ngãi,urban_water_usage_rate,3,6.02782358993733
squeezed_Sơn La,urban_water_usage_rate,3,7.075558632269096
squeezed_Quảng Nam,urban_water_usage_rate,3,9.963155066759601
squeezed_Hà Nội,clean_water_rate_all,5,0.21208332995069656
squeezed_Hưng Yên,clean_water_rate_all,5,0.21208332995069656
squeezed_Hải Dương,clean_water_rate_all,5,0.21208332995069656
squeezed_Hải Phòng,clean_water_rate_all,5,0.21208332995069656
squeezed_Nam Định,clean_water_rate_all,5,0.21208332995069656
squeezed_Ninh Bình,clean_water_rate_all,5,0.21208332995069656
squeezed_Quảng Ninh,clean_water_rate_all,5,0.21208332995069656
squeezed_Thái Bình,clean_water_rate_all,5,0.21208332995069656
squeezed_Vĩnh Phúc,clean_water_rate_all,5,0.21208332995069656
squeezed_Quảng Nam,population_density,5,1.359526306056449
squeezed_Bắc Giang,clean_water_rate_all,5,6.715377997766957
squeezed_Bắc Kạn,clean_water_rate_all,5,6.715377997766957
squeezed_Cao Bằng,clean_water_rate_all,5,6.715377997766957
squeezed_Hà Giang,clean_water_rate_all,5,6.715377997766957
squeezed_Hòa Bình,clean_water_rate_all,5,6.715377997766957
squeezed_Lai Châu,clean_water_rate_all,5,6.715377997766957
squeezed_Lào Cai,clean_water_rate_all,5,6.715377997766957
squeezed_Lạng Sơn,clean_water_rate_all,5,6.715377997766957
squeezed_Phú Thọ,clean_water_rate_all,5,6.715377997766957
squeezed_Sơn La,clean_water_rate_all,5,6.715377997766957
squeezed_Thái Nguyên,clean_water_rate_all,5,6.715377997766957
squeezed_Tuyên Quang,clean_water_rate_all,5,6.715377997766957
squeezed_Yên Bái,clean_water_rate_all,5,6.715377997766957
squeezed_Điện Biên,clean_water_rate_all,5,6.715377997766957
squeezed_BR Vũng Tàu,clean_water_rate_all,6,0.5505256691533041
squeezed_Bình Phước,clean_water_rate_all,6,0.5505256691533041
squeezed_Tây Ninh,clean_water_rate_all,6,0.5505256691533041
squeezed_Bình Thuận,clean_water_rate_all,6,0.8015480889148049
squeezed_Bình Định,clean_water_rate_all,6,0.8015480889148049
squeezed_Gia Lai,clean_water_rate_all,6,0.8015480889148049
squeezed_Hà Tĩnh,clean_water_rate_all,6,0.8015480889148049
squeezed_Khánh Hòa,clean_water_rate_all,6,0.8015480889148049
squeezed_Kon Tum,clean_water_rate_all,6,0.8015480889148049
squeezed_Lâm Đồng,clean_water_rate_all,6,0.8015480889148049
squeezed_Nghệ An,clean_water_rate_all,6,0.8015480889148049
squeezed_Ninh Thuận,clean_water_rate_all,6,0.8015480889148049
squeezed_Phú Yên,clean_water_rate_all,6,0.8015480889148049
squeezed_Quảng Bình,clean_water_rate_all,6,0.8015480889148049
squeezed_Quảng Nam,clean_water_rate_all,6,0.8015480889148049
squeezed_Quảng Ngãi,clean_water_rate_all,6,0.8015480889148049
squeezed_Quảng Trị,clean_water_rate_all,6,0.8015480889148049
squeezed_TT Huế,clean_water_rate_all,6,0.8015480889148049
squeezed_Thanh Hóa,clean_water_rate_all,6,0.8015480889148049
squeezed_Đà Nẵng,clean_water_rate_all,6,0.8015480889148049
squeezed_Đắk Lắk,clean_water_rate_all,6,0.8015480889148049
squeezed_Đắk Nông,clean_water_rate_all,6,0.8015480889148049
squeezed_An Giang,population_density,6,1.3598915245995513
squeezed_Bình Thuận,population_density,6,1.5392936020747998
squeezed_Quảng Bình,population_density,6,1.5916001096666543
squeezed_Đồng Tháp,population_density,6,1.7002236726943079
squeezed_Sóc Trăng,population_density,6,1.7476471195711907
squeezed_BR Vũng Tàu,toilet_rate,6,3.8977769676132294
squeezed_Bình Phước,toilet_rate,6,3.8977769676132294
squeezed_Tây Ninh,toilet_rate,6,3.8977769676132294
squeezed_An Giang,clean_water_rate_all,6,4.498358286389301
squeezed_Bạc Liêu,clean_water_rate_all,6,4.498358286389301
squeezed_Cà Mau,clean_water_rate_all,6,4.498358286389301
squeezed_Cần Thơ,clean_water_rate_all,6,4.498358286389301
squeezed_Kiên Giang,clean_water_rate_all,6,4.498358286389301
squeezed_Long An,clean_water_rate_all,6,4.498358286389301
squeezed_Sóc Trăng,clean_water_rate_all,6,4.498358286389301
squeezed_Tiền Giang,clean_water_rate_all,6,4.498358286389301
squeezed_Trà Vinh,clean_water_rate_all,6,4.498358286389301
squeezed_Đồng Tháp,clean_water_rate_all,6,4.498358286389301
squeezed_Hà Nội,toilet_rate,6,5.409474776295006
squeezed_Hưng Yên,toilet_rate,6,5.409474776295006
squeezed_Hải Dương,toilet_rate,6,5.409474776295006
squeezed_Hải Phòng,toilet_rate,6,5.409474776295006
squeezed_Nam Định,toilet_rate,6,5.409474776295006
squeezed_Ninh Bình,toilet_rate,6,5.409474776295006
squeezed_Quảng Ninh,toilet_rate,6,5.409474776295006
squeezed_Thái Bình,toilet_rate,6,5.409474776295006
squeezed_Vĩnh Phúc,toilet_rate,6,5.409474776295006
squeezed_Bình Thuận,toilet_rate,6,7.859175035040569
squeezed_Bình Định,toilet_rate,6,7.859175035040569
squeezed_Gia Lai,toilet_rate,6,7.859175035040569
squeezed_Hà Tĩnh,toilet_rate,6,7.859175035040569
squeezed_Khánh Hòa,toilet_rate,6,7.859175035040569
squeezed_Kon Tum,toilet_rate,6,7.859175035040569
squeezed_Lâm Đồng,toilet_rate,6,7.859175035040569
squeezed_Nghệ An,toilet_rate,6,7.859175035040569
squeezed_Ninh Thuận,toilet_rate,6,7.859175035040569
squeezed_Phú Yên,toilet_rate,6,7.859175035040569
squeezed_Quảng Bình,toilet_rate,6,7.859175035040569
squeezed_Quảng Nam,toilet_rate,6,7.859175035040569
squeezed_Quảng Ngãi,toilet_rate,6,7.859175035040569
squeezed_Quảng Trị,toilet_rate,6,7.859175035040569
squeezed_TT Huế,toilet_rate,6,7.859175035040569
squeezed_Thanh Hóa,toilet_rate,6,7.859175035040569
squeezed_Đà Nẵng,toilet_rate,6,7.859175035040569
squeezed_Đắk Lắk,toilet_rate,6,7.859175035040569
squeezed_Đắk Nông,toilet_rate,6,7.859175035040569
squeezed_Bắc Giang,toilet_rate,6,9.065605694688593
squeezed_Bắc Kạn,toilet_rate,6,9.065605694688593
squeezed_Cao Bằng,toilet_rate,6,9.065605694688593
squeezed_Hà Giang,toilet_rate,6,9.065605694688593
squeezed_Hòa Bình,toilet_rate,6,9.065605694688593
squeezed_Lai Châu,toilet_rate,6,9.065605694688593
squeezed_Lào Cai,toilet_rate,6,9.065605694688593
squeezed_Lạng Sơn,toilet_rate,6,9.065605694688593
squeezed_Phú Thọ,toilet_rate,6,9.065605694688593
squeezed_Sơn La,toilet_rate,6,9.065605694688593
squeezed_Thái Nguyên,toilet_rate,6,9.065605694688593
squeezed_Tuyên Quang,toilet_rate,6,9.065605694688593
squeezed_Yên Bái,toilet_rate,6,9.065605694688593
squeezed_Điện Biên,toilet_rate,6,9.065605694688593
squeezed_An Giang,toilet_rate,6,13.378622549512112
squeezed_Bạc Liêu,toilet_rate,6,13.378622549512112
squeezed_Cà Mau,toilet_rate,6,13.378622549512112
squeezed_Cần Thơ,toilet_rate,6,13.378622549512112
squeezed_Kiên Giang,toilet_rate,6,13.378622549512112
squeezed_Long An,toilet_rate,6,13.378622549512112
squeezed_Sóc Trăng,toilet_rate,6,13.378622549512112
squeezed_Tiền Giang,toilet_rate,6,13.378622549512112
squeezed_Trà Vinh,toilet_rate,6,13.378622549512112
squeezed_Đồng Tháp,toilet_rate,6,13.378622549512112
squeezed_Cao Bằng,population_density,7,1.2019402358597189
squeezed_Bình Định,population_density,7,1.6501277811778265
squeezed_Lạng Sơn,population_density,7,1.6671661510499216
squeezed_Bắc Kạn,population_density,7,1.670607352318262
squeezed_Nam Định,population_density,7,2.1619848548028084
squeezed_Cà Mau,population_density,7,2.213960215250204
squeezed_Quảng Trị,population_density,7,2.7776253681788003
squeezed_Thái Bình,population_density,7,3.0658591882184423
squeezed_TT Huế,population_density,7,5.7108365346610865
squeezed_Bắc Giang,population_density,7,6.950100020090084
squeezed_Điện Biên,population_density,8,2.0174747430495827
squeezed_Hà Tĩnh,population_density,8,2.0219947601112485
squeezed_Lai Châu,population_density,8,2.199740264532375
squeezed_Tuyên Quang,population_density,8,2.4397693292943265
squeezed_Yên Bái,population_density,8,2.511899819355729
squeezed_Kon Tum,population_density,8,2.555095581333909
squeezed_Quảng Ngãi,population_density,8,2.6282595268534434
squeezed_Gia Lai,population_density,8,2.7656371719627586
squeezed_Sơn La,population_density,8,2.8233265357150463
squeezed_Phú Yên,population_density,8,2.8714737267884574
squeezed_Lâm Đồng,population_density,8,2.9952179862447363
squeezed_Hòa Bình,population_density,8,3.3058968100968085
squeezed_Lào Cai,population_density,8,3.4360025363424955
squeezed_Ninh Thuận,population_density,8,3.507311754578096
squeezed_Thanh Hóa,population_density,8,3.6213687711774845
squeezed_Bình Phước,population_density,8,3.6537698181874405
squeezed_Long An,population_density,8,3.7887764875652508
squeezed_Quảng Ninh,population_density,8,3.8064251086075496
squeezed_Đắk Lắk,population_density,8,3.8323558341664286
squeezed_Hà Giang,population_density,8,3.8733019473320973
squeezed_Nghệ An,population_density,8,3.880849996355805
squeezed_Tây Ninh,population_density,8,4.0157684031538325
squeezed_Trà Vinh,population_density,8,4.022304548924342
squeezed_Kiên Giang,population_density,8,4.583276395839679
squeezed_Khánh Hòa,population_density,8,4.696006655914866
squeezed_Đắk Nông,population_density,8,5.885309558132123
squeezed_Bạc Liêu,population_density,8,6.13420266663663
squeezed_Phú Thọ,population_density,8,6.454770818728901
squeezed_Tiền Giang,population_density,8,9.751963576379977
squeezed_Cần Thơ,population_density,8,11.087193341795158
squeezed_Thái Nguyên,population_density,8,11.171697008493686
squeezed_Hải Dương,population_density,8,12.3238467768861
squeezed_Hưng Yên,population_density,8,14.160661995136286
squeezed_BR Vũng Tàu,population_density,8,15.070726571076948
squeezed_Ninh Bình,population_density,8,15.80539634805177
squeezed_Hải Phòng,population_density,8,19.218262126778086
squeezed_Vĩnh Phúc,population_density,8,19.935997799570053
squeezed_Đà Nẵng,population_density,8,33.48694270326226
squeezed_Hà Nội,population_density,8,66.82781174421818
squeezed_Đà Nẵng,poverty_rate,9,1.4112959286935916
squeezed_Hà Nội,poverty_rate,9,1.4755374423584284
squeezed_Tây Ninh,poverty_rate,9,2.019762894193358
squeezed_Bình Phước,poverty_rate,9,2.02154204294765
squeezed_Bạc Liêu,poverty_rate,9,2.7934841540642865
squeezed_Tiền Giang,poverty_rate,9,3.236711549225936
squeezed_Bình Định,poverty_rate,9,3.389629297852422
squeezed_Hải Dương,poverty_rate,9,3.8981904045020768
squeezed_Phú Yên,poverty_rate,9,4.049426038300912
squeezed_Sóc Trăng,poverty_rate,9,4.232501653624471
squeezed_Trà Vinh,poverty_rate,9,4.351139776584051
squeezed_Đắk Nông,poverty_rate,9,5.023630112192998
squeezed_Kon Tum,poverty_rate,9,5.274114237645553
squeezed_Sơn La,poverty_rate,9,5.776498410308577
squeezed_Cần Thơ,poverty_rate,10,1.8208843551172447
squeezed_Long An,poverty_rate,10,1.826418841647218
squeezed_Quảng Ninh,poverty_rate,10,1.8555311551597822
squeezed_Yên Bái,poverty_rate,10,1.9417392306047232
squeezed_An Giang,poverty_rate,10,2.1244590949888846
squeezed_Hải Phòng,poverty_rate,10,2.204901564490104
squeezed_Đồng Tháp,poverty_rate,10,2.436007436648123
squeezed_BR Vũng Tàu,poverty_rate,10,2.5717955267487653
squeezed_Lạng Sơn,poverty_rate,10,2.7960864030915995
squeezed_Thái Bình,poverty_rate,10,2.841941630541514
squeezed_Bình Thuận,poverty_rate,10,3.0731206041959833
squeezed_Hưng Yên,poverty_rate,10,3.342921471847963
squeezed_Cà Mau,poverty_rate,10,3.4297675992877372
squeezed_Nam Định,poverty_rate,10,3.477935171599844
squeezed_Vĩnh Phúc,poverty_rate,10,3.630634691684473
squeezed_Tuyên Quang,poverty_rate,10,3.6829740048853394
squeezed_Gia Lai,poverty_rate,10,3.8443932556558558
squeezed_Ninh Bình,poverty_rate,10,4.002117208273682
squeezed_Phú Thọ,poverty_rate,10,4.480259732730601
squeezed_Cao Bằng,poverty_rate,10,4.7808848034785605
squeezed_Lâm Đồng,poverty_rate,10,5.030510218442186
squeezed_Nghệ An,poverty_rate,10,5.257768750278483
squeezed_Bắc Giang,poverty_rate,10,5.311933003286558
squeezed_Đắk Lắk,poverty_rate,10,5.577811709897922
squeezed_Điện Biên,poverty_rate,10,5.880428738515612
squeezed_Quảng Bình,poverty_rate,10,5.919817187818395
squeezed_Lào Cai,poverty_rate,10,6.128661833366938
squeezed_Thanh Hóa,poverty_rate,10,6.735027778231781
squeezed_Hà Giang,poverty_rate,10,6.903378320170854
squeezed_Quảng Trị,poverty_rate,10,6.911757858476733
squeezed_Hòa Bình,poverty_rate,10,7.156262067368655
squeezed_Hà Tĩnh,poverty_rate,10,8.019574451313815
squeezed_Bắc Kạn,poverty_rate,10,8.260855617742637
squeezed_Lai Châu,poverty_rate,10,9.954567247796817
squeezed_Điện Biên,Dengue_fever_rates,13,0.8735594513945597
squeezed_Lai Châu,Dengue_fever_rates,17,0.6531162196335364
squeezed_Cà Mau,Average_Humidity,18,3.65967708147584
squeezed_Kiên Giang,Average_Humidity,18,4.0186787680037375
squeezed_Sóc Trăng,Average_Humidity,18,5.810985083051356
squeezed_Cao Bằng,Dengue_fever_rates,18,11.6882607756973
squeezed_Bắc Kạn,Dengue_fever_rates,19,2.7578302400958323
squeezed_Trà Vinh,Average_Humidity,19,3.346699698974317
squeezed_Cần Thơ,Average_Humidity,19,4.166136329885511
squeezed_Hà Giang,Dengue_fever_rates,20,2.430107086483155
squeezed_Ninh Thuận,Average_Humidity,21,4.131136390726875
squeezed_Bạc Liêu,Average_Humidity,21,4.3663909130015295
squeezed_Sơn La,Dengue_fever_rates,22,1.1023043635567489
squeezed_An Giang,Average_Humidity,22,4.661915564052448
squeezed_Khánh Hòa,Average_Humidity,24,4.249613429726524
squeezed_Tuyên Quang,Dengue_fever_rates,24,4.80466950947603
squeezed_Đà Nẵng,Average_Humidity,24,5.384504004942983
squeezed_TT Huế,Average_Humidity,25,4.632493680979596
squeezed_Hải Dương,Average_Humidity,25,4.653659990646066
squeezed_Quảng Ngãi,Average_Humidity,25,4.997346345857883
squeezed_Lào Cai,Dengue_fever_rates,26,2.543830078078946
squeezed_Tiền Giang,Average_Humidity,26,2.942472219949695
squeezed_Hải Phòng,Average_Humidity,27,4.876750880514288
squeezed_Thái Bình,n_raining_days,27,6.372989834142133
squeezed_Đắk Lắk,Average_Humidity,27,6.3911158134303525
squeezed_Hưng Yên,n_raining_days,27,6.422598417431112
squeezed_Vĩnh Phúc,n_raining_days,27,6.635143057464633
squeezed_Hải Phòng,n_raining_days,27,6.765486604752221
squeezed_Ninh Thuận,n_raining_days,27,6.79135188305311
squeezed_Lào Cai,n_raining_days,27,8.507713206207749
squeezed_BR Vũng Tàu,n_raining_days,27,8.54793914019843
squeezed_Hải Dương,n_raining_days,28,6.902853876746184
squeezed_Trà Vinh,n_raining_days,28,9.468299896944313
squeezed_Khánh Hòa,n_raining_days,29,6.922185516052062
squeezed_Phú Yên,n_raining_days,29,7.803276695139031
squeezed_Quảng Ngãi,n_raining_days,29,8.019853657389916
squeezed_Long An,n_raining_days,29,8.668586881998829
squeezed_Đồng Tháp,n_raining_days,29,8.807315886881378
squeezed_Kiên Giang,n_raining_days,29,8.942576956429912
squeezed_Tiền Giang,n_raining_days,29,8.98188092952359
squeezed_Tây Ninh,n_raining_days,29,9.20248449304924
squeezed_Cần Thơ,n_raining_days,29,9.226936072626597
squeezed_Bạc Liêu,n_raining_days,29,9.777711173363393
squeezed_Đà Nẵng,n_raining_days,30,7.440850895720301
squeezed_An Giang,n_raining_days,30,8.553882449430649
squeezed_Long An,Average_Humidity,31,3.9814471083828167
squeezed_TT Huế,n_raining_days,31,7.5168075750476575
squeezed_Bình Phước,n_raining_days,31,9.969996311247112
squeezed_Kon Tum,n_raining_days,31,9.990074849592427
squeezed_Sóc Trăng,n_raining_days,31,10.343744754949997
squeezed_Phú Yên,Average_Humidity,32,3.4587242593580374
squeezed_Đồng Tháp,Average_Humidity,32,3.962272031324657
squeezed_Kon Tum,Average_Humidity,32,7.393163148523068
squeezed_Cà Mau,n_raining_days,32,9.688582428641665
squeezed_Đắk Lắk,n_raining_days,32,9.765286690650555
squeezed_Đắk Nông,n_raining_days,32,10.626449558116905
squeezed_Vĩnh Phúc,Average_Humidity,33,4.053995279002004
squeezed_Yên Bái,Dengue_fever_rates,34,4.147406782633798
squeezed_Hưng Yên,Average_Humidity,35,4.547637345318442
squeezed_Lạng Sơn,Dengue_fever_rates,35,12.108843579914918
squeezed_Nam Định,Average_Humidity,38,3.9757572870472915
squeezed_Hòa Bình,Dengue_fever_rates,39,2.158259412782354
squeezed_Yên Bái,Average_Humidity,40,2.019946907966874
squeezed_Tuyên Quang,Average_Humidity,40,2.8580127921228407
squeezed_BR Vũng Tàu,Average_Humidity,40,3.3776559630984737
squeezed_Bình Phước,Average_Humidity,41,6.407304122844721
squeezed_Bình Thuận,Average_Humidity,42,4.979601410876471
squeezed_Hưng Yên,Dengue_fever_rates,45,5.370219043390578
squeezed_Quảng Bình,n_raining_days,46,6.337867196940987
squeezed_Bình Thuận,n_raining_days,46,7.199831966715889
squeezed_Cà Mau,Average_temperature,47,0.9588239850689146
squeezed_Nam Định,n_raining_days,47,6.23608529100248
squeezed_Tuyên Quang,n_raining_days,47,6.6758693262734266
squeezed_Thái Nguyên,Dengue_fever_rates,48,12.594593430246956
squeezed_Bình Phước,Average_temperature,49,1.098999879262467
squeezed_Hải Dương,Dengue_fever_rates,49,3.572996807953749
squeezed_Ninh Bình,Average_Humidity,49,3.780048464125571
squeezed_Bình Định,Average_Humidity,49,5.241707123837088
squeezed_Lâm Đồng,Average_Humidity,49,5.974441649607419
squeezed_Phú Thọ,n_raining_days,49,6.516041165474333
squeezed_Ninh Bình,n_raining_days,49,6.658147104488889
squeezed_Bắc Kạn,n_raining_days,49,7.039774255875784
squeezed_Cần Thơ,Average_temperature,50,0.9661951448083558
squeezed_Kiên Giang,Average_temperature,50,1.130997367267422
squeezed_Quảng Trị,n_raining_days,50,7.0161227054515125
squeezed_Sóc Trăng,Average_temperature,51,0.9918138737187586
squeezed_Ninh Bình,Dengue_fever_rates,51,7.360561649006047
squeezed_Bạc Liêu,Average_temperature,52,1.0798571453279762
squeezed_BR Vũng Tàu,Average_temperature,52,1.1022531368664206
squeezed_Hà Giang,n_raining_days,52,7.762279356113228
squeezed_Tây Ninh,Average_Humidity,53,3.3613518399760696
squeezed_Thái Nguyên,n_raining_days,53,7.172516021760779
squeezed_Quảng Nam,n_raining_days,53,7.767120731459677
squeezed_Tây Ninh,Average_temperature,54,1.0790383577742773
squeezed_An Giang,Average_temperature,55,1.1830398090736745
squeezed_Hà Nội,Average_Humidity,55,4.061146056548964
squeezed_Bình Định,n_raining_days,56,7.694715420526776
squeezed_Đắk Nông,Average_temperature,57,1.254967174031717
squeezed_Hà Giang,Average_Humidity,57,3.8358030366472566
squeezed_Gia Lai,n_raining_days,57,9.183232081543983
squeezed_Long An,Average_temperature,58,1.0137243658841293
squeezed_Đắk Nông,Average_Humidity,59,4.665563311467137
squeezed_Trà Vinh,Average_temperature,60,0.9240036173960862
squeezed_Quảng Nam,Average_Humidity,60,4.070664464556102
squeezed_Đồng Tháp,Average_temperature,61,1.0535592165972436
squeezed_Tiền Giang,Average_temperature,61,1.0596168630219756
squeezed_Cần Thơ,Influenza_rates,61,1.3409577622187943
squeezed_Lâm Đồng,n_raining_days,61,9.819553768891748
squeezed_Lào Cai,Average_Humidity,63,5.1153720010103285
squeezed_Hà Nội,n_raining_days,63,6.461955795602124
squeezed_Lạng Sơn,n_raining_days,64,6.440366335770396
squeezed_Cao Bằng,n_raining_days,64,6.612230132268876
squeezed_Ninh Thuận,Average_temperature,65,1.6679903490151595
squeezed_Hà Tĩnh,n_raining_days,65,6.379849444954536
squeezed_Khánh Hòa,Average_temperature,67,1.7749867431830768
squeezed_Thanh Hóa,Average_Humidity,67,3.0666293589736022
squeezed_Kon Tum,Average_temperature,68,1.5594462813177907
squeezed_Bắc Giang,n_raining_days,68,6.34823218636703
squeezed_Phú Thọ,Dengue_fever_rates,70,6.056421644580616
squeezed_Hà Tĩnh,Average_Humidity,71,6.735060546621045
squeezed_Đắk Lắk,Average_temperature,72,1.6114164823720274
squeezed_Bắc Kạn,Average_Humidity,73,2.982742023861192
squeezed_Bắc Giang,Average_Humidity,73,3.834268012936513
squeezed_Thái Bình,Average_Humidity,75,4.290854692294785
squeezed_Quảng Ninh,n_raining_days,75,6.8877279605764965
squeezed_Điện Biên,Average_Humidity,76,3.2501321518095754
squeezed_Phú Yên,Average_temperature,79,2.2261542267925103
squeezed_Điện Biên,n_raining_days,79,8.327008595231646
squeezed_Phú Thọ,Average_Humidity,80,3.5292588553098936
squeezed_Thái Nguyên,Average_Humidity,80,3.6752113765057612
squeezed_Lâm Đồng,Average_temperature,82,1.108579514877388
squeezed_Bắc Giang,Dengue_fever_rates,82,14.397760547987208
squeezed_Hòa Bình,Average_Humidity,83,2.6224694243008995
squeezed_Quảng Trị,Average_Humidity,87,4.411595228296254
squeezed_Vĩnh Phúc,Dengue_fever_rates,87,8.442381189760706
squeezed_Thanh Hóa,n_raining_days,88,6.346514413485988
squeezed_Gia Lai,Average_Humidity,90,5.534455376778814
squeezed_Hòa Bình,n_raining_days,90,6.96571166687168
squeezed_Lạng Sơn,Average_Humidity,91,3.2891157167189466
squeezed_Yên Bái,n_raining_days,91,7.0517908988228
squeezed_Quảng Ngãi,Average_temperature,92,2.7007022179714864
squeezed_Cao Bằng,Average_Humidity,96,3.4971190478569842
squeezed_Quảng Bình,Average_Humidity,96,6.565290470600581
squeezed_Đà Nẵng,Average_temperature,97,2.8742839318659095
squeezed_Thái Bình,Dengue_fever_rates,101,2.270859140984368
squeezed_TT Huế,Average_temperature,101,3.3778400754813727
squeezed_Lai Châu,n_raining_days,101,8.743136287044734
squeezed_Quảng Ninh,Average_Humidity,102,4.358954893819505
squeezed_Hà Tĩnh,Dengue_fever_rates,103,31.799993552247656
squeezed_Bình Thuận,Average_temperature,115,1.463199657648791
squeezed_Nghệ An,n_raining_days,115,5.745468247678695
squeezed_Thanh Hóa,Dengue_fever_rates,115,8.785753666085313
squeezed_Nam Định,Dengue_fever_rates,115,9.711005816952948
squeezed_Lào Cai,Average_temperature,119,4.1041133528441405
squeezed_Hải Phòng,Average_temperature,121,4.406003276246381
squeezed_Tiền Giang,Max_Daily_Rainfall,122,31.52910712050241
squeezed_Nghệ An,Dengue_fever_rates,123,11.085868545569067
squeezed_An Giang,Max_Daily_Rainfall,123,27.631630241160323
squeezed_Gia Lai,Average_temperature,124,1.8292930687325997
squeezed_Vĩnh Phúc,Average_temperature,124,4.583244786898245
squeezed_Thái Bình,Average_temperature,125,4.607991957027818
squeezed_Nghệ An,Average_Humidity,126,3.8911939994344436
squeezed_Hưng Yên,Average_temperature,126,4.6470997298057135
squeezed_Đắk Lắk,Max_Daily_Rainfall,126,34.909717900974506
squeezed_BR Vũng Tàu,Max_Daily_Rainfall,126,52.62267593522579
squeezed_Lai Châu,Average_Humidity,127,4.727479529105627
squeezed_Hải Dương,Average_temperature,128,4.649299995076127
squeezed_Cần Thơ,Max_Daily_Rainfall,129,38.03134424507285
squeezed_Kiên Giang,Max_Daily_Rainfall,132,33.68669473551623
squeezed_Bình Định,Average_temperature,133,2.4679025073557246
squeezed_Quảng Bình,Dengue_fever_rates,133,27.188547840511628
squeezed_Kon Tum,Dengue_fever_rates,133,30.62419463880676
squeezed_Sơn La,Average_Humidity,136,3.746380521299441
squeezed_Sơn La,n_raining_days,138,7.231489533174935
squeezed_Long An,Max_Daily_Rainfall,138,31.60501623240013
squeezed_Đồng Tháp,Max_Daily_Rainfall,138,72.72025517654568
squeezed_Sóc Trăng,Max_Daily_Rainfall,139,32.5151497500635
squeezed_Tây Ninh,Max_Daily_Rainfall,139,32.58805782577156
squeezed_Phú Yên,Max_Daily_Rainfall,140,50.469652346111204
squeezed_Cà Mau,Max_Daily_Rainfall,141,36.05779509033878
squeezed_Kon Tum,Max_Daily_Rainfall,141,36.27341632903843
squeezed_Trà Vinh,Max_Daily_Rainfall,142,32.73890904770055
squeezed_Ninh Thuận,Max_Daily_Rainfall,142,45.61177381504043
squeezed_Hưng Yên,Max_Daily_Rainfall,144,35.06703074729294
squeezed_Đắk Nông,Max_Daily_Rainfall,145,37.42038614770426
squeezed_Quảng Ninh,Dengue_fever_rates,146,4.775250372947309
squeezed_Bạc Liêu,Max_Daily_Rainfall,146,36.64855471620894
squeezed_Khánh Hòa,Max_Daily_Rainfall,149,56.638941178305814
squeezed_Vĩnh Phúc,Max_Daily_Rainfall,151,42.54925566310097
squeezed_Hải Dương,Max_Daily_Rainfall,152,38.88595698888264
squeezed_Đắk Nông,Dengue_fever_rates,153,17.61558996779954
squeezed_Thái Bình,Max_Daily_Rainfall,156,52.97581741947432
squeezed_Quảng Nam,Average_temperature,157,2.6269313211799603
squeezed_Hải Phòng,Dengue_fever_rates,158,7.007672252446388
squeezed_Quảng Ngãi,Max_Daily_Rainfall,158,76.75019021158789
squeezed_Hà Giang,Average_temperature,159,4.259762729589137
squeezed_An Giang,n_hours_sunshine,159,36.195698521430906
squeezed_Quảng Trị,Dengue_fever_rates,161,69.9764123923251
squeezed_Tuyên Quang,Average_temperature,162,4.558981891402297
squeezed_Long An,n_hours_sunshine,162,35.97745260320852
squeezed_Điện Biên,Influenza_rates,162,334.61738533665414
squeezed_Lâm Đồng,Max_Daily_Rainfall,163,24.60627145679435
squeezed_Đà Nẵng,Max_Daily_Rainfall,164,82.05363142243363
squeezed_Điện Biên,Diarrhoea_rates,164,143.50075222863893
squeezed_Thái Nguyên,Average_temperature,166,4.631935645460919
squeezed_Bình Phước,Max_Daily_Rainfall,167,37.41707227963992
squeezed_Trà Vinh,n_hours_sunshine,168,46.95772754992401
squeezed_Ninh Thuận,n_hours_sunshine,169,52.88678353524929
squeezed_Đắk Nông,Diarrhoea_rates,170,57.71285792837668
squeezed_Bắc Kạn,Average_temperature,171,4.7267790593958345
squeezed_Tây Ninh,n_hours_sunshine,171,36.09708420444015
squeezed_Quảng Bình,Average_temperature,172,4.121210793887654
squeezed_Lào Cai,Max_Daily_Rainfall,174,40.76477701780135
squeezed_Bạc Liêu,n_hours_sunshine,174,50.81342352160722
squeezed_Phú Thọ,Average_temperature,175,4.588295853497219
squeezed_Tiền Giang,Influenza_rates,175,6.523521912783611
squeezed_BR Vũng Tàu,n_hours_sunshine,175,44.428453694724915
squeezed_Sóc Trăng,n_hours_sunshine,175,47.2840857323533
squeezed_Đồng Tháp,n_hours_sunshine,176,42.42210502597332
squeezed_Hải Phòng,Max_Daily_Rainfall,176,43.50540496954957
squeezed_Hải Dương,n_hours_sunshine,176,57.490133416069135
squeezed_Khánh Hòa,n_hours_sunshine,176,57.77248098433345
squeezed_Kon Tum,n_hours_sunshine,176,58.11917010170032
squeezed_Đắk Nông,Influenza_rates,176,102.81061300799475
squeezed_Bình Thuận,Max_Daily_Rainfall,177,29.86865034665547
squeezed_Bình Phước,n_hours_sunshine,177,44.45659783165611
squeezed_Đắk Nông,n_hours_sunshine,178,50.62001823797571
squeezed_Quảng Trị,Average_temperature,179,3.332057613057041
squeezed_Cần Thơ,n_hours_sunshine,179,44.2823889504673
squeezed_Tiền Giang,n_hours_sunshine,179,48.18937631304075
squeezed_Điện Biên,Average_temperature,180,3.5984088458879753
squeezed_TT Huế,Max_Daily_Rainfall,182,107.57932340440982
squeezed_Nam Định,Average_temperature,183,4.697292171084348
squeezed_Tuyên Quang,Max_Daily_Rainfall,183,38.79653341389822
squeezed_Cà Mau,n_hours_sunshine,183,50.76864070795183
squeezed_Ninh Bình,Average_temperature,184,4.516330517377802
squeezed_Đồng Tháp,Total_Evaporation,184,17.672691221430732
squeezed_Đắk Lắk,n_hours_sunshine,184,53.23860513350313
squeezed_Quảng Ngãi,n_hours_sunshine,185,61.22512877002657
squeezed_TT Huế,Dengue_fever_rates,186,10.306977332135506
squeezed_Lào Cai,n_hours_sunshine,186,39.91077184736571
squeezed_Hưng Yên,n_hours_sunshine,186,56.87650132227714
squeezed_Kiên Giang,n_hours_sunshine,187,51.357483491086185
squeezed_Hải Phòng,n_hours_sunshine,187,59.01762598383365
squeezed_An Giang,Total_Evaporation,188,19.017907502801773
squeezed_Nam Định,Max_Daily_Rainfall,188,41.3480979038041
squeezed_Long An,Total_Evaporation,189,14.963778422799475
squeezed_Bình Định,Max_Daily_Rainfall,189,53.26541231536845
squeezed_Đà Nẵng,n_hours_sunshine,190,63.719371888390505
squeezed_Trà Vinh,Total_Evaporation,191,19.190191332623304
squeezed_Tiền Giang,Total_Evaporation,191,22.538334038564834
squeezed_Bắc Kạn,Max_Daily_Rainfall,191,31.528198092930822
squeezed_BR Vũng Tàu,Total_Evaporation,193,23.929302569541104
squeezed_Thái Bình,n_hours_sunshine,195,61.77897480945
squeezed_Cần Thơ,Total_Evaporation,196,20.306859907793186
squeezed_Thái Nguyên,Max_Daily_Rainfall,197,36.75009339625617
squeezed_Phú Yên,n_hours_sunshine,197,63.20603172661091
squeezed_Quảng Bình,Max_Daily_Rainfall,197,71.0982676606279
squeezed_Gia Lai,Max_Daily_Rainfall,198,28.370910545793713
squeezed_BR Vũng Tàu,Total_Rainfall,199,223.34088272441363
squeezed_Cao Bằng,Average_temperature,200,4.919077666961866
squeezed_Sóc Trăng,Total_Evaporation,200,26.255537171799627
squeezed_Quảng Ninh,Average_temperature,202,4.616209613216011
squeezed_Cà Mau,Total_Evaporation,202,26.168604354283207
squeezed_Điện Biên,Max_Daily_Rainfall,202,28.99527563821013
squeezed_Hà Nội,Average_temperature,203,4.58887640991106
squeezed_Kiên Giang,Total_Evaporation,204,24.65756666188766
squeezed_Bạc Liêu,Total_Rainfall,204,155.11472916281718
squeezed_Vĩnh Phúc,Total_Evaporation,205,19.93284419401791
squeezed_Lai Châu,Average_temperature,206,3.691170363782783
squeezed_Hải Dương,Total_Evaporation,206,22.948946583788015
squeezed_Bình Thuận,n_hours_sunshine,206,43.52522344252474
squeezed_Tiền Giang,Total_Rainfall,206,113.33632087130938
squeezed_Bạc Liêu,Total_Evaporation,207,30.511645586324008
squeezed_Hà Nội,Max_Daily_Rainfall,207,42.70005480845232
squeezed_Phú Thọ,Max_Daily_Rainfall,209,34.76173525213625
squeezed_TT Huế,n_hours_sunshine,209,66.91461835905322
squeezed_Bắc Giang,Average_temperature,210,4.700333900758859
squeezed_Bắc Kạn,Total_Evaporation,210,13.34683134208787
squeezed_Khánh Hòa,Total_Evaporation,210,26.293425619388998
squeezed_Đà Nẵng,Total_Evaporation,210,29.729768066275994
squeezed_Thái Bình,Total_Evaporation,211,26.672231502264232
squeezed_Lào Cai,Total_Evaporation,211,32.883923682024424
squeezed_Bình Phước,Total_Evaporation,211,35.48515316153845
squeezed_Đắk Nông,Total_Evaporation,212,29.392866347857623
squeezed_Tuyên Quang,n_hours_sunshine,212,53.69880780977733
squeezed_Hà Tĩnh,Max_Daily_Rainfall,212,75.13698916165761
squeezed_Tây Ninh,Total_Evaporation,213,29.55748402884577
squeezed_Điện Biên,n_hours_sunshine,213,34.83589284447556
squeezed_Phú Yên,Total_Evaporation,213,41.473415330178064
squeezed_Hà Giang,n_hours_sunshine,213,49.24425963799777
squeezed_Trà Vinh,Total_Rainfall,213,121.72102630054584
squeezed_Hà Tĩnh,Average_temperature,214,4.410864692246614
squeezed_Lạng Sơn,Average_temperature,214,4.820293400912717
squeezed_Quảng Nam,Dengue_fever_rates,214,16.450152407133345
squeezed_Ninh Thuận,Total_Evaporation,214,30.953844325166745
squeezed_Ninh Bình,Max_Daily_Rainfall,214,45.653987363396524
squeezed_Vĩnh Phúc,n_hours_sunshine,214,54.33057392005704
squeezed_Đắk Lắk,Total_Rainfall,214,148.6580825453324
squeezed_Kon Tum,Total_Rainfall,214,157.20303181766704
squeezed_Khánh Hòa,Total_Rainfall,214,189.1395478141998
squeezed_Hải Phòng,Total_Evaporation,215,20.983905182687607
squeezed_Hưng Yên,Total_Evaporation,215,21.028198291651645
squeezed_An Giang,Total_Rainfall,215,110.25777084526301
squeezed_Cần Thơ,Total_Rainfall,215,133.34974106979996
squeezed_Hòa Bình,Average_temperature,216,4.396328297881574
squeezed_Quảng Ninh,Max_Daily_Rainfall,216,48.79435225102257
squeezed_Hà Giang,Max_Daily_Rainfall,216,57.864907471141
squeezed_Yên Bái,Average_temperature,217,4.2724436708785465
squeezed_Sóc Trăng,Total_Rainfall,217,140.8459405366403
squeezed_Đồng Tháp,Total_Rainfall,217,153.0091037779421
squeezed_Quảng Ngãi,Total_Evaporation,218,33.186995029958005
squeezed_Quảng Trị,Max_Daily_Rainfall,218,55.545289990498375
squeezed_Quảng Nam,Max_Daily_Rainfall,218,86.34313345124211
squeezed_Thanh Hóa,Average_temperature,219,4.305419119549345
squeezed_Bình Định,n_hours_sunshine,219,62.04473097978536
squeezed_Lâm Đồng,Dengue_fever_rates,220,10.065383497217598
squeezed_Cao Bằng,Max_Daily_Rainfall,221,27.425735312944887
squeezed_Đà Nẵng,Dengue_fever_rates,221,28.843601793585766
squeezed_Thanh Hóa,Max_Daily_Rainfall,222,40.45136330174135
squeezed_Quảng Ninh,n_hours_sunshine,222,53.23984744740745
squeezed_Bình Thuận,Total_Evaporation,223,21.121303223542437
squeezed_Lâm Đồng,Total_Evaporation,223,23.474496630258546
squeezed_Quảng Nam,n_hours_sunshine,223,61.81119727113245
squeezed_Hà Giang,Total_Evaporation,224,14.395071256086336
squeezed_Gia Lai,Dengue_fever_rates,224,25.145891740566153
squeezed_Bắc Kạn,n_hours_sunshine,224,50.64597459951254
squeezed_Ninh Thuận,Total_Rainfall,224,158.5201613492055
squeezed_Điện Biên,Total_Evaporation,225,13.102391905411608
squeezed_Phú Thọ,Total_Evaporation,225,19.801963117495347
squeezed_Yên Bái,Max_Daily_Rainfall,225,31.023178769700145
squeezed_Yên Bái,n_hours_sunshine,225,36.05525157311041
squeezed_Bắc Giang,Max_Daily_Rainfall,225,38.5480370842275
squeezed_Long An,Total_Rainfall,225,124.17128018496543
squeezed_Thái Nguyên,Total_Evaporation,226,16.574180694227483
squeezed_Tây Ninh,Total_Rainfall,226,139.03180472459184
squeezed_Tuyên Quang,Total_Evaporation,227,14.6698934826872
squeezed_TT Huế,Total_Evaporation,227,33.401823438235844
squeezed_Lâm Đồng,n_hours_sunshine,227,44.168446387667046
squeezed_Đắk Lắk,Total_Evaporation,227,46.46792326345673
squeezed_Kon Tum,Total_Evaporation,227,46.969371967045184
squeezed_Cà Mau,Total_Rainfall,227,161.93995474862066
squeezed_Hà Nội,n_hours_sunshine,229,51.347132604616036
squeezed_Quảng Trị,n_hours_sunshine,229,57.31963125550432
squeezed_Vĩnh Phúc,Total_Rainfall,229,128.92509108929798
squeezed_Kiên Giang,Total_Rainfall,229,148.399592848107
squeezed_Quảng Ninh,Total_Evaporation,230,19.314562087430858
squeezed_Quảng Bình,n_hours_sunshine,230,66.08532666823982
squeezed_Sơn La,Average_temperature,231,3.947282206612308
squeezed_Quảng Ngãi,Dengue_fever_rates,231,39.97682069684384
squeezed_Phú Thọ,n_hours_sunshine,231,53.21157144375867
squeezed_Đà Nẵng,Total_Rainfall,231,257.6781185954423
squeezed_Hà Nội,Dengue_fever_rates,233,17.272500989342227
squeezed_Nam Định,Diarrhoea_rates,233,30.172556513481226
squeezed_Gia Lai,Total_Evaporation,233,30.625155196637362
squeezed_Bình Định,Total_Evaporation,233,32.595604155142624
squeezed_Lai Châu,Max_Daily_Rainfall,233,34.353820162563565
squeezed_Gia Lai,n_hours_sunshine,233,46.11199459045545
squeezed_Thái Nguyên,n_hours_sunshine,234,55.09580876112667
squeezed_Gia Lai,Total_Rainfall,234,126.60103384455634
squeezed_Quảng Nam,Total_Evaporation,235,23.396358131721403
squeezed_Nam Định,n_hours_sunshine,235,59.055171380012304
squeezed_Trà Vinh,Influenza_rates,235,64.71487627593521
squeezed_Bình Thuận,Total_Rainfall,235,88.67221954424917
squeezed_Ninh Bình,Total_Evaporation,236,23.674434804521375
squeezed_Nam Định,Total_Evaporation,236,23.91002941610499
squeezed_Hà Tĩnh,n_hours_sunshine,236,64.7202910614718
squeezed_Bắc Giang,Total_Evaporation,237,17.34325010895893
squeezed_Hà Nội,Total_Evaporation,237,19.422489770017698
squeezed_Ninh Thuận,Dengue_fever_rates,237,45.80089762509496
squeezed_Ninh Bình,n_hours_sunshine,237,54.09824339885298
squeezed_Cà Mau,Influenza_rates,237,56.216062883904776
squeezed_Hải Phòng,Influenza_rates,237,63.696422092339404
squeezed_Bình Phước,Total_Rainfall,237,173.30667325170165
squeezed_Nghệ An,Average_temperature,238,4.197352925385751
squeezed_Hải Phòng,Diarrhoea_rates,238,16.85072147059999
squeezed_Lạng Sơn,Max_Daily_Rainfall,238,28.91554861794467
squeezed_Hải Dương,Diarrhoea_rates,238,38.00753455154385
squeezed_Vĩnh Phúc,Diarrhoea_rates,238,52.89493603772047
squeezed_Bắc Giang,n_hours_sunshine,238,53.67531808668644
squeezed_Bắc Kạn,Diarrhoea_rates,238,53.88963164948786
squeezed_Hải Phòng,Total_Rainfall,238,138.4845307538751
squeezed_Quảng Trị,Total_Evaporation,239,38.42803074314485
squeezed_Tuyên Quang,Diarrhoea_rates,239,52.94326607410812
squeezed_Thanh Hóa,n_hours_sunshine,239,53.49993157904399
squeezed_Lào Cai,Diarrhoea_rates,239,90.51386016027566
squeezed_Hải Dương,Total_Rainfall,239,128.77944288822002
squeezed_Đắk Nông,Total_Rainfall,239,181.28791149533066
squeezed_Phú Yên,Total_Rainfall,239,256.31751763845824
squeezed_Yên Bái,Total_Evaporation,240,11.71223077359172
squeezed_Hòa Bình,Total_Evaporation,240,14.240845835719211
squeezed_Kon Tum,Diarrhoea_rates,240,152.47778284838907
squeezed_Lạng Sơn,Total_Evaporation,241,15.596565145974195
squeezed_Lai Châu,n_hours_sunshine,241,34.92052564543428
squeezed_Quảng Bình,Total_Evaporation,241,43.280912380210964
squeezed_TT Huế,Total_Rainfall,241,346.8750333777977
squeezed_Hà Tĩnh,Total_Evaporation,242,43.81898370658837
squeezed_Cao Bằng,n_hours_sunshine,242,45.804445334811064
squeezed_Quảng Bình,Diarrhoea_rates,242,51.70374050073003
squeezed_Cao Bằng,Total_Evaporation,243,15.56676807134094
squeezed_Đắk Lắk,Dengue_fever_rates,243,26.499753279285503
squeezed_Sơn La,n_hours_sunshine,243,33.76338015224353
squeezed_Hòa Bình,Max_Daily_Rainfall,243,45.14198059447988
squeezed_Hòa Bình,n_hours_sunshine,243,48.81199767321884
squeezed_Hưng Yên,Total_Rainfall,243,114.62235080687276
squeezed_Bạc Liêu,Dengue_fever_rates,244,15.268613447943485
squeezed_Hòa Bình,Diarrhoea_rates,244,18.9458387317915
squeezed_Lạng Sơn,n_hours_sunshine,244,51.124797045623595
squeezed_Đà Nẵng,Diarrhoea_rates,244,93.750893738587
squeezed_Quảng Bình,Influenza_rates,244,103.04024825393512
squeezed_Gia Lai,Influenza_rates,244,130.4199973883492
squeezed_Thái Bình,Total_Rainfall,244,141.69180015260827
squeezed_Phú Yên,Dengue_fever_rates,245,27.207181784014754
squeezed_Ninh Bình,Diarrhoea_rates,245,47.928612871702356
squeezed_Cao Bằng,Diarrhoea_rates,245,100.08223562739609
squeezed_Vĩnh Phúc,Influenza_rates,245,148.12162376192344
squeezed_Bình Định,Dengue_fever_rates,246,17.960058791316964
squeezed_Lai Châu,Total_Evaporation,246,19.81211864119536
squeezed_Sơn La,Diarrhoea_rates,246,46.92543130964802
squeezed_Lai Châu,Diarrhoea_rates,246,242.14861828346645
squeezed_Sơn La,Max_Daily_Rainfall,247,25.850666896621934
squeezed_Yên Bái,Diarrhoea_rates,247,48.46521541806096
squeezed_Hà Giang,Diarrhoea_rates,247,113.57371570213027
squeezed_Bắc Kạn,Total_Rainfall,247,120.94600856472947
squeezed_Đà Nẵng,Influenza_rates,247,211.2388047784308
squeezed_Quảng Ngãi,Total_Rainfall,247,287.3954279435234
squeezed_Kiên Giang,Influenza_rates,248,23.863418092347583
squeezed_Thái Nguyên,Diarrhoea_rates,248,24.539892689403672
squeezed_Hà Tĩnh,Diarrhoea_rates,248,40.86113206668118
squeezed_Gia Lai,Diarrhoea_rates,248,52.51525167482274
squeezed_Hưng Yên,Diarrhoea_rates,248,79.53148376075583
squeezed_Thái Bình,Diarrhoea_rates,248,121.98555986869567
squeezed_Ninh Bình,Total_Rainfall,248,138.52453979336704
squeezed_Lào Cai,Total_Rainfall,248,169.3075104070524
squeezed_Bình Định,Total_Rainfall,248,222.25713095371808
squeezed_Thanh Hóa,Total_Evaporation,249,22.006599797563535
squeezed_Phú Thọ,Diarrhoea_rates,249,22.376752177918306
squeezed_Nghệ An,Max_Daily_Rainfall,249,43.91015181934156
squeezed_BR Vũng Tàu,Dengue_fever_rates,249,74.6983748158195
squeezed_Bạc Liêu,Influenza_rates,249,77.34279198498395
squeezed_Tuyên Quang,Influenza_rates,249,125.19499606951118
squeezed_Tuyên Quang,Total_Rainfall,249,125.2721645104109
squeezed_Nam Định,Influenza_rates,250,24.964732502742688
squeezed_Trà Vinh,Dengue_fever_rates,250,39.72763419140422
squeezed_Phú Yên,Diarrhoea_rates,251,17.60530698824263
squeezed_Bắc Giang,Diarrhoea_rates,251,37.293253129482096
squeezed_Phú Thọ,Total_Rainfall,251,111.87047675934308
squeezed_Khánh Hòa,Influenza_rates,251,139.27085054366648
squeezed_Lào Cai,Influenza_rates,251,235.89384557950734
squeezed_Kon Tum,Influenza_rates,251,342.464989167701
squeezed_Sơn La,Total_Evaporation,252,18.010979439775745
squeezed_Lạng Sơn,Diarrhoea_rates,252,42.59912133027429
squeezed_Nghệ An,n_hours_sunshine,252,52.30750155777546
squeezed_BR Vũng Tàu,Diarrhoea_rates,252,62.604787962622574
squeezed_Hải Dương,Influenza_rates,252,103.45038639628108
squeezed_Hà Nội,Total_Rainfall,252,129.02202107918305
squeezed_Bình Định,Diarrhoea_rates,253,18.04150309736069
squeezed_Tây Ninh,Diarrhoea_rates,253,25.634704708059918
squeezed_Nghệ An,Diarrhoea_rates,253,27.690857468805188
squeezed_Cà Mau,Diarrhoea_rates,253,28.24981693667811
squeezed_Thanh Hóa,Diarrhoea_rates,253,30.526393830220076
squeezed_Cà Mau,Dengue_fever_rates,253,34.69150113683751
squeezed_Khánh Hòa,Diarrhoea_rates,253,76.33616527152279
squeezed_BR Vũng Tàu,Influenza_rates,253,92.12971001041849
squeezed_Ninh Thuận,Influenza_rates,253,143.69988238948747
squeezed_Quảng Bình,Total_Rainfall,253,217.0303335731147
squeezed_Tây Ninh,Influenza_rates,254,18.79222952250294
squeezed_Long An,Dengue_fever_rates,254,19.465177873068786
squeezed_Bạc Liêu,Diarrhoea_rates,254,28.57602886662337
squeezed_Bình Phước,Diarrhoea_rates,254,28.979423291513253
squeezed_Cần Thơ,Dengue_fever_rates,254,31.102560072041893
squeezed_Quảng Ngãi,Diarrhoea_rates,254,65.53329539854842
squeezed_Quảng Trị,Total_Rainfall,254,181.76586601668305
squeezed_Kiên Giang,Diarrhoea_rates,255,40.73789556983321
squeezed_Bình Thuận,Dengue_fever_rates,255,42.91429762018009
squeezed_Hòa Bình,Influenza_rates,255,54.294844305953184
squeezed_Sóc Trăng,Influenza_rates,255,58.63203390019811
squeezed_Thái Bình,Influenza_rates,255,84.68383198878186
squeezed_Thái Nguyên,Total_Rainfall,255,133.0712753436649
squeezed_Sóc Trăng,Dengue_fever_rates,256,21.464692911655657
squeezed_An Giang,Influenza_rates,256,22.673804508864507
squeezed_Tây Ninh,Dengue_fever_rates,256,30.502079499431414
squeezed_Quảng Trị,Diarrhoea_rates,256,43.580626262129925
squeezed_Lâm Đồng,Influenza_rates,256,58.332773574079354
squeezed_Ninh Thuận,Diarrhoea_rates,256,58.35761105821924
squeezed_Sóc Trăng,Diarrhoea_rates,256,62.663610056552386
squeezed_Quảng Ngãi,Influenza_rates,256,100.37668678471432
squeezed_Cao Bằng,Total_Rainfall,256,104.74398050403133
squeezed_Bắc Giang,Total_Rainfall,256,124.88625468511162
squeezed_Lâm Đồng,Total_Rainfall,256,144.22263994447496
squeezed_Nam Định,Total_Rainfall,256,146.43079610931082
squeezed_Hà Tĩnh,Total_Rainfall,256,225.3494258914396
squeezed_Quảng Nam,Total_Rainfall,256,345.9174616811227
squeezed_Nghệ An,Total_Evaporation,257,25.872046206960036
squeezed_Hà Nội,Influenza_rates,257,38.55351890114262
squeezed_Phú Yên,Influenza_rates,257,40.84297754282448
squeezed_Lâm Đồng,Diarrhoea_rates,257,43.88277743655735
squeezed_Cần Thơ,Diarrhoea_rates,257,68.74457732141057
squeezed_Điện Biên,Total_Rainfall,257,135.4087094624771
squeezed_Hòa Bình,Total_Rainfall,257,153.00561966556108
squeezed_Quảng Ninh,Total_Rainfall,257,171.90205365438288
squeezed_TT Huế,Diarrhoea_rates,258,41.21842609479347
squeezed_Hà Nội,Diarrhoea_rates,258,62.61633077142002
squeezed_Thái Nguyên,Influenza_rates,258,82.43051296230712
squeezed_Hà Tĩnh,Influenza_rates,258,93.26084757721128
squeezed_Lạng Sơn,Total_Rainfall,258,104.67011804166476
squeezed_Yên Bái,Total_Rainfall,258,124.00115159804807
squeezed_Cao Bằng,Influenza_rates,258,173.26289634649123
squeezed_Bắc Kạn,Influenza_rates,258,313.7393671420295
squeezed_Lai Châu,Influenza_rates,258,528.4517204101041
squeezed_Đồng Tháp,Dengue_fever_rates,259,28.748389291622367
squeezed_Bình Thuận,Diarrhoea_rates,259,30.841481898778888
squeezed_Trà Vinh,Diarrhoea_rates,259,53.3223895955185
squeezed_Bình Thuận,Influenza_rates,259,70.2552430076721
squeezed_Bình Phước,Influenza_rates,259,99.65095159133276
squeezed_Hưng Yên,Influenza_rates,259,132.79108380534566
squeezed_Long An,Influenza_rates,259,152.03425163477962
squeezed_Sơn La,Influenza_rates,259,167.01576654849828
squeezed_Hà Giang,Total_Rainfall,259,275.2014943355216
squeezed_Quảng Ninh,Diarrhoea_rates,260,25.86260710201943
squeezed_Yên Bái,Influenza_rates,260,104.75218075774562
squeezed_Thanh Hóa,Total_Rainfall,260,134.17950901321194
squeezed_An Giang,Dengue_fever_rates,261,19.012652542423254
squeezed_Kiên Giang,Dengue_fever_rates,261,22.596556838274473
squeezed_Tiền Giang,Dengue_fever_rates,261,42.8419775391137
squeezed_Đắk Lắk,Diarrhoea_rates,261,43.737548541509064
squeezed_Tiền Giang,Diarrhoea_rates,261,49.11789983073239
squeezed_Long An,Diarrhoea_rates,261,59.18222868375393
squeezed_Thanh Hóa,Influenza_rates,261,78.0653890026881
squeezed_Nghệ An,Total_Rainfall,261,136.31364273404733
squeezed_Phú Thọ,Influenza_rates,261,294.53276639710856
squeezed_Hà Giang,Influenza_rates,261,301.5174036901955
squeezed_Bình Phước,Dengue_fever_rates,262,27.469759848012025
squeezed_Bình Định,Influenza_rates,262,31.043336046556075
squeezed_Đồng Tháp,Diarrhoea_rates,262,48.237072861133015
squeezed_Bắc Giang,Influenza_rates,262,59.98775564194054
squeezed_Nghệ An,Influenza_rates,262,73.74583430430336
squeezed_An Giang,Diarrhoea_rates,262,82.14184582557975
squeezed_Đắk Lắk,Influenza_rates,262,83.58876321000173
squeezed_Lạng Sơn,Influenza_rates,262,110.50181050626998
squeezed_Đồng Tháp,Influenza_rates,262,144.8327586902899
squeezed_Lai Châu,Total_Rainfall,262,187.14912528263392
squeezed_Quảng Nam,Diarrhoea_rates,263,43.277509145309935
squeezed_Ninh Bình,Influenza_rates,263,51.73402227327278
squeezed_Khánh Hòa,Dengue_fever_rates,263,53.543064832014274
squeezed_TT Huế,Influenza_rates,263,58.03185855476735
squeezed_Quảng Ninh,Influenza_rates,264,48.91521803633224
squeezed_Quảng Nam,Influenza_rates,264,75.71622323823509
squeezed_Quảng Trị,Influenza_rates,264,92.51746369945633
squeezed_Sơn La,Total_Rainfall,264,104.62242364354096
